"","Item_1","Item_2","Item_3","Item_4","Item_5","Item_6","Item_7","Item_8"
"difficulty_test",-1.62507534032756,0.1129449853987,0.562622087517762,-0.00666930880857229,0.252647264753625,0.55786769079414,0.210302834335729,-0.123372003938248
