",""Item_1"",""Item_2"",""Item_3"",""Item_4"",""Item_5"",""Item_6"",""Item_7"",""Item_8"",""Item_9"",""Item_10"""
difficulty_test,-1.89959460575958,-1.53701947081303,3.14749414540592,-2.45540071690214,-1.15385220272019,-0.215523947149746,1.19018489786896,0.51985986693225,0.381645993263029,0.436265464498082
