"","Item_1","Item_2","Item_3","Item_4","Item_5","Item_6","Item_7","Item_8","Item_9","Item_10","Item_11","Item_12","Item_13","Item_14"
"difficulty_test",-1.50460744218696,-0.0335376258961577,-0.217013432294987,-0.422081556483553,1.44367527951369,-0.612707431727279,2.41891829889604,1.52928684095291,0.702547335030483,0.326491857317793,1.72553592802207,-0.169100406923238,3,1.47806838179762
