"","Item_1","Item_2","Item_3","Item_4","Item_5"
"difficulty_test",-0.246588389795639,2.97654149165407,1.04267339338638,-0.972111039171315,0.63963269332551
