"","Item_1","Item_2","Item_3","Item_4","Item_5","Item_6","Item_7","Item_8","Item_9","Item_10","Item_11","Item_12","Item_13"
"difficulty_test",-3.18397116626983,-2.89648248607169,-2.04608356252813,-1.94518676526024,-1.45553562858439,-0.0147736202702362,-1.23801696999402,-0.380705293141085,0.476801294296092,0.395489087700208,-1.94530530265688,-0.352952262301882,0.150153517876713
