"","Item_1","Item_2","Item_3","Item_4"
"difficulty_test",-2.02262534558532,0.0541136770871465,0.021797651949161,1.59522091836679
