"","Item_1","Item_2","Item_3","Item_4","Item_5","Item_6","Item_7","Item_8"
"difficulty_test",0.798595724762094,-0.207571310311051,0.264302262167138,0.939131519598198,0.64429978661135,0.209893353332808,0.340832914203681,1.84355005227651
