"","Item_1","Item_2","Item_3","Item_4","Item_5","Item_6","Item_7","Item_8"
"difficulty_test",-1.93813825196988,-1.63548002517561,2.01810350415768,-0.705656597192433,-1.01951258683462,-0.811404049140806,-0.98550201069515,-0.613473686869596
