"","Item_1","Item_2","Item_3","Item_4"
"difficulty_test",1.73878815436193,0.241603032375657,0.251053095971952,-4
