"","Item_1","Item_2","Item_3","Item_4","Item_5","Item_6","Item_7","Item_8","Item_9","Item_10","Item_11"
"difficulty_test",-2.31182810170787,-2.33237227531477,-3.01090334883966,-2.43745418488307,-2.7683784408792,-1.49089374194466,-2.76129703043081,-0.527209745353216,-1.28995026359876,-1.36892066200774,0.0571350837743292
